{"cameraMode":{"drawMode":0,"name":"Shaded","section":"Shading Mode"},"sceneLighting":false,"audioPlay":false,"sceneViewState":{"showFog":true,"showMaterialUpdate":false,"showSkybox":false,"showFlares":true,"showImageEffects":true,"showParticleSystems":true,"showVisualEffectGraphs":true,"m_FxEnabled":true},"in2DMode":false,"pivot":{"x":0.0031647980213165285,"y":0.7425131797790527,"z":-0.02228386700153351},"rotation":{"x":-0.07598664611577988,"y":0.9170725345611572,"z":-0.2116425484418869,"w":-0.32925915718078616},"size":1.0289528369903565,"orthographic":false}